"date_onset","detection_probability","state","count"
2020-01-13,1,"ACT",0
2020-01-13,1,"NSW",0
2020-01-13,1,"NT",0
2020-01-13,1,"QLD",0
2020-01-13,1,"SA",0
2020-01-13,1,"TAS",0
2020-01-13,1,"VIC",0
2020-01-13,1,"WA",0
2020-01-14,1,"ACT",0
2020-01-14,1,"NSW",0
2020-01-14,1,"NT",0
2020-01-14,1,"QLD",0
2020-01-14,1,"SA",0
2020-01-14,1,"TAS",0
2020-01-14,1,"VIC",0
2020-01-14,1,"WA",0
2020-01-15,1,"ACT",0
2020-01-15,1,"NSW",0
2020-01-15,1,"NT",0
2020-01-15,1,"QLD",0
2020-01-15,1,"SA",0
2020-01-15,1,"TAS",0
2020-01-15,1,"VIC",0
2020-01-15,1,"WA",0
2020-01-16,1,"ACT",0
2020-01-16,1,"NSW",0
2020-01-16,1,"NT",0
2020-01-16,1,"QLD",0
2020-01-16,1,"SA",0
2020-01-16,1,"TAS",0
2020-01-16,1,"VIC",0
2020-01-16,1,"WA",0
2020-01-17,1,"ACT",0
2020-01-17,1,"NSW",0
2020-01-17,1,"NT",0
2020-01-17,1,"QLD",0
2020-01-17,1,"SA",0
2020-01-17,1,"TAS",0
2020-01-17,1,"VIC",0
2020-01-17,1,"WA",0
2020-01-18,1,"ACT",0
2020-01-18,1,"NSW",0
2020-01-18,1,"NT",0
2020-01-18,1,"QLD",0
2020-01-18,1,"SA",0
2020-01-18,1,"TAS",0
2020-01-18,1,"VIC",0
2020-01-18,1,"WA",0
2020-01-19,1,"ACT",0
2020-01-19,1,"NSW",0
2020-01-19,1,"NT",0
2020-01-19,1,"QLD",0
2020-01-19,1,"SA",0
2020-01-19,1,"TAS",0
2020-01-19,1,"VIC",0
2020-01-19,1,"WA",0
2020-01-20,1,"ACT",0
2020-01-20,1,"NSW",0
2020-01-20,1,"NT",0
2020-01-20,1,"QLD",0
2020-01-20,1,"SA",0
2020-01-20,1,"TAS",0
2020-01-20,1,"VIC",0
2020-01-20,1,"WA",0
2020-01-21,1,"ACT",0
2020-01-21,1,"NSW",0
2020-01-21,1,"NT",0
2020-01-21,1,"QLD",0
2020-01-21,1,"SA",0
2020-01-21,1,"TAS",0
2020-01-21,1,"VIC",0
2020-01-21,1,"WA",0
2020-01-22,1,"ACT",0
2020-01-22,1,"NSW",0
2020-01-22,1,"NT",0
2020-01-22,1,"QLD",0
2020-01-22,1,"SA",0
2020-01-22,1,"TAS",0
2020-01-22,1,"VIC",0
2020-01-22,1,"WA",0
2020-01-23,1,"ACT",0
2020-01-23,1,"NSW",0
2020-01-23,1,"NT",0
2020-01-23,1,"QLD",0
2020-01-23,1,"SA",0
2020-01-23,1,"TAS",0
2020-01-23,1,"VIC",0
2020-01-23,1,"WA",0
2020-01-24,1,"ACT",0
2020-01-24,1,"NSW",0
2020-01-24,1,"NT",0
2020-01-24,1,"QLD",0
2020-01-24,1,"SA",0
2020-01-24,1,"TAS",0
2020-01-24,1,"VIC",0
2020-01-24,1,"WA",0
2020-01-25,1,"ACT",0
2020-01-25,1,"NSW",0
2020-01-25,1,"NT",0
2020-01-25,1,"QLD",0
2020-01-25,1,"SA",0
2020-01-25,1,"TAS",0
2020-01-25,1,"VIC",0
2020-01-25,1,"WA",0
2020-01-26,1,"ACT",0
2020-01-26,1,"NSW",0
2020-01-26,1,"NT",0
2020-01-26,1,"QLD",0
2020-01-26,1,"SA",0
2020-01-26,1,"TAS",0
2020-01-26,1,"VIC",0
2020-01-26,1,"WA",0
2020-01-27,1,"ACT",0
2020-01-27,1,"NSW",0
2020-01-27,1,"NT",0
2020-01-27,1,"QLD",0
2020-01-27,1,"SA",0
2020-01-27,1,"TAS",0
2020-01-27,1,"VIC",0
2020-01-27,1,"WA",0
2020-01-28,1,"ACT",0
2020-01-28,1,"NSW",0
2020-01-28,1,"NT",0
2020-01-28,1,"QLD",0
2020-01-28,1,"SA",0
2020-01-28,1,"TAS",0
2020-01-28,1,"VIC",0
2020-01-28,1,"WA",0
2020-01-29,1,"ACT",0
2020-01-29,1,"NSW",0
2020-01-29,1,"NT",0
2020-01-29,1,"QLD",0
2020-01-29,1,"SA",0
2020-01-29,1,"TAS",0
2020-01-29,1,"VIC",1
2020-01-29,1,"WA",0
2020-01-30,1,"ACT",0
2020-01-30,1,"NSW",0
2020-01-30,1,"NT",0
2020-01-30,1,"QLD",0
2020-01-30,1,"SA",0
2020-01-30,1,"TAS",0
2020-01-30,1,"VIC",0
2020-01-30,1,"WA",0
2020-01-31,1,"ACT",0
2020-01-31,1,"NSW",0
2020-01-31,1,"NT",0
2020-01-31,1,"QLD",0
2020-01-31,1,"SA",0
2020-01-31,1,"TAS",0
2020-01-31,1,"VIC",0
2020-01-31,1,"WA",0
2020-02-01,1,"ACT",0
2020-02-01,1,"NSW",1
2020-02-01,1,"NT",0
2020-02-01,1,"QLD",0
2020-02-01,1,"SA",0
2020-02-01,1,"TAS",0
2020-02-01,1,"VIC",0
2020-02-01,1,"WA",0
2020-02-02,1,"ACT",0
2020-02-02,1,"NSW",0
2020-02-02,1,"NT",0
2020-02-02,1,"QLD",0
2020-02-02,1,"SA",0
2020-02-02,1,"TAS",0
2020-02-02,1,"VIC",0
2020-02-02,1,"WA",0
2020-02-03,1,"ACT",0
2020-02-03,1,"NSW",0
2020-02-03,1,"NT",0
2020-02-03,1,"QLD",1
2020-02-03,1,"SA",0
2020-02-03,1,"TAS",0
2020-02-03,1,"VIC",0
2020-02-03,1,"WA",0
2020-02-04,1,"ACT",0
2020-02-04,1,"NSW",0
2020-02-04,1,"NT",0
2020-02-04,1,"QLD",2
2020-02-04,1,"SA",0
2020-02-04,1,"TAS",0
2020-02-04,1,"VIC",0
2020-02-04,1,"WA",0
2020-02-05,1,"ACT",0
2020-02-05,1,"NSW",0
2020-02-05,1,"NT",0
2020-02-05,1,"QLD",0
2020-02-05,1,"SA",0
2020-02-05,1,"TAS",0
2020-02-05,1,"VIC",0
2020-02-05,1,"WA",0
2020-02-06,1,"ACT",0
2020-02-06,1,"NSW",0
2020-02-06,1,"NT",0
2020-02-06,1,"QLD",0
2020-02-06,1,"SA",0
2020-02-06,1,"TAS",0
2020-02-06,1,"VIC",0
2020-02-06,1,"WA",0
2020-02-07,1,"ACT",0
2020-02-07,1,"NSW",0
2020-02-07,1,"NT",0
2020-02-07,1,"QLD",0
2020-02-07,1,"SA",0
2020-02-07,1,"TAS",0
2020-02-07,1,"VIC",0
2020-02-07,1,"WA",0
2020-02-08,1,"ACT",0
2020-02-08,1,"NSW",1
2020-02-08,1,"NT",0
2020-02-08,1,"QLD",0
2020-02-08,1,"SA",0
2020-02-08,1,"TAS",0
2020-02-08,1,"VIC",0
2020-02-08,1,"WA",0
2020-02-09,1,"ACT",0
2020-02-09,1,"NSW",0
2020-02-09,1,"NT",0
2020-02-09,1,"QLD",0
2020-02-09,1,"SA",0
2020-02-09,1,"TAS",0
2020-02-09,1,"VIC",0
2020-02-09,1,"WA",0
2020-02-10,1,"ACT",0
2020-02-10,1,"NSW",0
2020-02-10,1,"NT",0
2020-02-10,1,"QLD",0
2020-02-10,1,"SA",0
2020-02-10,1,"TAS",0
2020-02-10,1,"VIC",0
2020-02-10,1,"WA",0
2020-02-11,1,"ACT",0
2020-02-11,1,"NSW",0
2020-02-11,1,"NT",0
2020-02-11,1,"QLD",0
2020-02-11,1,"SA",0
2020-02-11,1,"TAS",0
2020-02-11,1,"VIC",0
2020-02-11,1,"WA",0
2020-02-12,1,"ACT",0
2020-02-12,1,"NSW",0
2020-02-12,1,"NT",0
2020-02-12,1,"QLD",0
2020-02-12,1,"SA",0
2020-02-12,1,"TAS",0
2020-02-12,1,"VIC",0
2020-02-12,1,"WA",0
2020-02-13,1,"ACT",0
2020-02-13,1,"NSW",1
2020-02-13,1,"NT",0
2020-02-13,1,"QLD",0
2020-02-13,1,"SA",0
2020-02-13,1,"TAS",0
2020-02-13,1,"VIC",0
2020-02-13,1,"WA",0
2020-02-14,1,"ACT",0
2020-02-14,1,"NSW",0
2020-02-14,1,"NT",0
2020-02-14,1,"QLD",0
2020-02-14,1,"SA",0
2020-02-14,1,"TAS",0
2020-02-14,1,"VIC",0
2020-02-14,1,"WA",0
2020-02-15,1,"ACT",0
2020-02-15,1,"NSW",1
2020-02-15,1,"NT",0
2020-02-15,1,"QLD",0
2020-02-15,1,"SA",0
2020-02-15,1,"TAS",0
2020-02-15,1,"VIC",0
2020-02-15,1,"WA",0
2020-02-16,1,"ACT",0
2020-02-16,1,"NSW",2
2020-02-16,1,"NT",0
2020-02-16,1,"QLD",0
2020-02-16,1,"SA",0
2020-02-16,1,"TAS",0
2020-02-16,1,"VIC",0
2020-02-16,1,"WA",0
2020-02-17,1,"ACT",0
2020-02-17,1,"NSW",1
2020-02-17,1,"NT",0
2020-02-17,1,"QLD",0
2020-02-17,1,"SA",0
2020-02-17,1,"TAS",0
2020-02-17,1,"VIC",0
2020-02-17,1,"WA",0
2020-02-18,1,"ACT",0
2020-02-18,1,"NSW",1
2020-02-18,1,"NT",0
2020-02-18,1,"QLD",0
2020-02-18,1,"SA",0
2020-02-18,1,"TAS",0
2020-02-18,1,"VIC",0
2020-02-18,1,"WA",0
2020-02-19,1,"ACT",0
2020-02-19,1,"NSW",0
2020-02-19,1,"NT",0
2020-02-19,1,"QLD",0
2020-02-19,1,"SA",0
2020-02-19,1,"TAS",0
2020-02-19,1,"VIC",0
2020-02-19,1,"WA",0
2020-02-20,1,"ACT",0
2020-02-20,1,"NSW",1
2020-02-20,1,"NT",0
2020-02-20,1,"QLD",0
2020-02-20,1,"SA",0
2020-02-20,1,"TAS",0
2020-02-20,1,"VIC",0
2020-02-20,1,"WA",0
2020-02-21,1,"ACT",0
2020-02-21,1,"NSW",0
2020-02-21,1,"NT",0
2020-02-21,1,"QLD",0
2020-02-21,1,"SA",0
2020-02-21,1,"TAS",0
2020-02-21,1,"VIC",0
2020-02-21,1,"WA",0
2020-02-22,1,"ACT",0
2020-02-22,1,"NSW",0
2020-02-22,1,"NT",0
2020-02-22,1,"QLD",0
2020-02-22,1,"SA",0
2020-02-22,1,"TAS",0
2020-02-22,1,"VIC",0
2020-02-22,1,"WA",0
2020-02-23,1,"ACT",0
2020-02-23,1,"NSW",0
2020-02-23,1,"NT",0
2020-02-23,1,"QLD",0
2020-02-23,1,"SA",0
2020-02-23,1,"TAS",0
2020-02-23,1,"VIC",0
2020-02-23,1,"WA",0
2020-02-24,1,"ACT",0
2020-02-24,1,"NSW",3
2020-02-24,1,"NT",0
2020-02-24,1,"QLD",0
2020-02-24,1,"SA",0
2020-02-24,1,"TAS",0
2020-02-24,1,"VIC",0
2020-02-24,1,"WA",0
2020-02-25,1,"ACT",0
2020-02-25,1,"NSW",0
2020-02-25,1,"NT",0
2020-02-25,1,"QLD",0
2020-02-25,1,"SA",0
2020-02-25,1,"TAS",0
2020-02-25,1,"VIC",0
2020-02-25,1,"WA",0
2020-02-26,1,"ACT",0
2020-02-26,1,"NSW",2
2020-02-26,1,"NT",0
2020-02-26,1,"QLD",0
2020-02-26,1,"SA",0
2020-02-26,1,"TAS",0
2020-02-26,1,"VIC",1
2020-02-26,1,"WA",0
2020-02-27,1,"ACT",0
2020-02-27,1,"NSW",1
2020-02-27,1,"NT",0
2020-02-27,1,"QLD",0
2020-02-27,1,"SA",0
2020-02-27,1,"TAS",0
2020-02-27,1,"VIC",0
2020-02-27,1,"WA",0
2020-02-28,1,"ACT",0
2020-02-28,1,"NSW",1
2020-02-28,1,"NT",0
2020-02-28,1,"QLD",0
2020-02-28,1,"SA",0
2020-02-28,1,"TAS",0
2020-02-28,1,"VIC",0
2020-02-28,1,"WA",0
2020-02-29,1,"ACT",0
2020-02-29,1,"NSW",4
2020-02-29,1,"NT",0
2020-02-29,1,"QLD",0
2020-02-29,1,"SA",0
2020-02-29,1,"TAS",0
2020-02-29,1,"VIC",1
2020-02-29,1,"WA",0
2020-03-01,1,"ACT",0
2020-03-01,1,"NSW",3
2020-03-01,1,"NT",0
2020-03-01,1,"QLD",0
2020-03-01,1,"SA",0
2020-03-01,1,"TAS",0
2020-03-01,1,"VIC",0
2020-03-01,1,"WA",0
2020-03-02,1,"ACT",0
2020-03-02,1,"NSW",5
2020-03-02,1,"NT",0
2020-03-02,1,"QLD",1
2020-03-02,1,"SA",0
2020-03-02,1,"TAS",0
2020-03-02,1,"VIC",0
2020-03-02,1,"WA",1
2020-03-03,1,"ACT",0
2020-03-03,1,"NSW",3
2020-03-03,1,"NT",0
2020-03-03,1,"QLD",0
2020-03-03,1,"SA",0
2020-03-03,1,"TAS",0
2020-03-03,1,"VIC",3
2020-03-03,1,"WA",0
2020-03-04,1,"ACT",0
2020-03-04,1,"NSW",7
2020-03-04,1,"NT",0
2020-03-04,1,"QLD",1
2020-03-04,1,"SA",0
2020-03-04,1,"TAS",0
2020-03-04,1,"VIC",0
2020-03-04,1,"WA",1
2020-03-05,1,"ACT",0
2020-03-05,1,"NSW",9
2020-03-05,1,"NT",0
2020-03-05,1,"QLD",0
2020-03-05,1,"SA",1
2020-03-05,1,"TAS",0
2020-03-05,1,"VIC",0
2020-03-05,1,"WA",0
2020-03-06,1,"ACT",0
2020-03-06,1,"NSW",7
2020-03-06,1,"NT",0
2020-03-06,1,"QLD",1
2020-03-06,1,"SA",0
2020-03-06,1,"TAS",0
2020-03-06,1,"VIC",0
2020-03-06,1,"WA",1
2020-03-07,1,"ACT",0
2020-03-07,1,"NSW",8
2020-03-07,1,"NT",0
2020-03-07,1,"QLD",2
2020-03-07,1,"SA",0
2020-03-07,1,"TAS",0
2020-03-07,1,"VIC",1
2020-03-07,1,"WA",0
2020-03-08,1,"ACT",0
2020-03-08,1,"NSW",11
2020-03-08,1,"NT",0
2020-03-08,1,"QLD",1
2020-03-08,1,"SA",1
2020-03-08,1,"TAS",0
2020-03-08,1,"VIC",0
2020-03-08,1,"WA",0
2020-03-09,1,"ACT",0
2020-03-09,1,"NSW",24
2020-03-09,1,"NT",0
2020-03-09,1,"QLD",3
2020-03-09,1,"SA",0
2020-03-09,1,"TAS",0
2020-03-09,1,"VIC",7
2020-03-09,1,"WA",0
2020-03-10,1,"ACT",2
2020-03-10,1,"NSW",26
2020-03-10,1,"NT",0
2020-03-10,1,"QLD",1
2020-03-10,1,"SA",1
2020-03-10,1,"TAS",0
2020-03-10,1,"VIC",9
2020-03-10,1,"WA",0
2020-03-11,1,"ACT",0
2020-03-11,1,"NSW",16
2020-03-11,1,"NT",0
2020-03-11,1,"QLD",4
2020-03-11,1,"SA",0
2020-03-11,1,"TAS",0
2020-03-11,1,"VIC",7
2020-03-11,1,"WA",0
2020-03-12,1,"ACT",1
2020-03-12,1,"NSW",16
2020-03-12,1,"NT",0
2020-03-12,1,"QLD",11
2020-03-12,1,"SA",0
2020-03-12,1,"TAS",0
2020-03-12,1,"VIC",10
2020-03-12,1,"WA",0
2020-03-13,1,"ACT",0
2020-03-13,1,"NSW",26
2020-03-13,1,"NT",0
2020-03-13,1,"QLD",6
2020-03-13,1,"SA",1
2020-03-13,1,"TAS",0
2020-03-13,1,"VIC",7
2020-03-13,1,"WA",0
2020-03-14,1,"ACT",0
2020-03-14,1,"NSW",25
2020-03-14,1,"NT",0
2020-03-14,1,"QLD",6
2020-03-14,1,"SA",5
2020-03-14,1,"TAS",0
2020-03-14,1,"VIC",6
2020-03-14,1,"WA",0
2020-03-15,1,"ACT",0
2020-03-15,1,"NSW",18
2020-03-15,1,"NT",0
2020-03-15,1,"QLD",9
2020-03-15,1,"SA",1
2020-03-15,1,"TAS",0
2020-03-15,1,"VIC",15
2020-03-15,1,"WA",1
2020-03-16,1,"ACT",0
2020-03-16,1,"NSW",48
2020-03-16,1,"NT",0
2020-03-16,1,"QLD",10
2020-03-16,1,"SA",8
2020-03-16,1,"TAS",0
2020-03-16,1,"VIC",17
2020-03-16,1,"WA",1
2020-03-17,1,"ACT",1
2020-03-17,1,"NSW",56
2020-03-17,1,"NT",0
2020-03-17,1,"QLD",16
2020-03-17,1,"SA",10
2020-03-17,1,"TAS",1
2020-03-17,1,"VIC",21
2020-03-17,1,"WA",1
2020-03-18,1,"ACT",1
2020-03-18,1,"NSW",52
2020-03-18,1,"NT",0
2020-03-18,1,"QLD",12
2020-03-18,1,"SA",9
2020-03-18,1,"TAS",1
2020-03-18,1,"VIC",26
2020-03-18,1,"WA",6
2020-03-19,1,"ACT",1
2020-03-19,1,"NSW",54
2020-03-19,1,"NT",0
2020-03-19,1,"QLD",7
2020-03-19,1,"SA",11
2020-03-19,1,"TAS",0
2020-03-19,1,"VIC",26
2020-03-19,1,"WA",2
2020-03-20,1,"ACT",1
2020-03-20,1,"NSW",54
2020-03-20,1,"NT",0
2020-03-20,1,"QLD",12
2020-03-20,1,"SA",6
2020-03-20,1,"TAS",0
2020-03-20,1,"VIC",23
2020-03-20,1,"WA",6
2020-03-21,1,"ACT",4
2020-03-21,1,"NSW",59
2020-03-21,1,"NT",0
2020-03-21,1,"QLD",9
2020-03-21,1,"SA",4
2020-03-21,1,"TAS",2
2020-03-21,1,"VIC",48
2020-03-21,1,"WA",5
2020-03-22,1,"ACT",0
2020-03-22,1,"NSW",44
2020-03-22,1,"NT",0
2020-03-22,1,"QLD",15
2020-03-22,1,"SA",3
2020-03-22,1,"TAS",0
2020-03-22,1,"VIC",28
2020-03-22,1,"WA",5
2020-03-23,1,"ACT",2
2020-03-23,1,"NSW",67
2020-03-23,1,"NT",0
2020-03-23,1,"QLD",19
2020-03-23,1,"SA",7
2020-03-23,1,"TAS",0
2020-03-23,1,"VIC",25
2020-03-23,1,"WA",9
2020-03-24,1,"ACT",0
2020-03-24,1,"NSW",71
2020-03-24,1,"NT",0
2020-03-24,1,"QLD",10
2020-03-24,1,"SA",9
2020-03-24,1,"TAS",1
2020-03-24,1,"VIC",30
2020-03-24,1,"WA",3
2020-03-25,1,"ACT",1
2020-03-25,1,"NSW",56
2020-03-25,1,"NT",0
2020-03-25,1,"QLD",10
2020-03-25,1,"SA",7
2020-03-25,1,"TAS",1
2020-03-25,1,"VIC",28
2020-03-25,1,"WA",6
2020-03-26,1,"ACT",2
2020-03-26,1,"NSW",45
2020-03-26,1,"NT",0
2020-03-26,1,"QLD",4
2020-03-26,1,"SA",6
2020-03-26,1,"TAS",1
2020-03-26,1,"VIC",24
2020-03-26,1,"WA",5
2020-03-27,1,"ACT",0
2020-03-27,1,"NSW",40
2020-03-27,1,"NT",0
2020-03-27,1,"QLD",10
2020-03-27,1,"SA",6
2020-03-27,1,"TAS",1
2020-03-27,1,"VIC",29
2020-03-27,1,"WA",4
2020-03-28,1,"ACT",0
2020-03-28,1,"NSW",50
2020-03-28,1,"NT",0
2020-03-28,1,"QLD",10
2020-03-28,1,"SA",6
2020-03-28,1,"TAS",0
2020-03-28,1,"VIC",32
2020-03-28,1,"WA",3
2020-03-29,1,"ACT",0
2020-03-29,1,"NSW",55
2020-03-29,1,"NT",1
2020-03-29,1,"QLD",5
2020-03-29,1,"SA",8
2020-03-29,1,"TAS",0
2020-03-29,1,"VIC",17
2020-03-29,1,"WA",3
2020-03-30,1,"ACT",1
2020-03-30,1,"NSW",37
2020-03-30,1,"NT",0
2020-03-30,1,"QLD",5
2020-03-30,1,"SA",9
2020-03-30,1,"TAS",1
2020-03-30,1,"VIC",22
2020-03-30,1,"WA",2
2020-03-31,1,"ACT",0
2020-03-31,1,"NSW",15
2020-03-31,1,"NT",0
2020-03-31,1,"QLD",5
2020-03-31,1,"SA",5
2020-03-31,1,"TAS",0
2020-03-31,1,"VIC",18
2020-03-31,1,"WA",2
2020-04-01,1,"ACT",2
2020-04-01,1,"NSW",24
2020-04-01,1,"NT",1
2020-04-01,1,"QLD",3
2020-04-01,1,"SA",3
2020-04-01,1,"TAS",6
2020-04-01,1,"VIC",10
2020-04-01,1,"WA",3
2020-04-02,1,"ACT",0
2020-04-02,1,"NSW",20
2020-04-02,1,"NT",0
2020-04-02,1,"QLD",4
2020-04-02,1,"SA",4
2020-04-02,1,"TAS",4
2020-04-02,1,"VIC",7
2020-04-02,1,"WA",2
2020-04-03,1,"ACT",0
2020-04-03,1,"NSW",13
2020-04-03,1,"NT",1
2020-04-03,1,"QLD",1
2020-04-03,1,"SA",1
2020-04-03,1,"TAS",3
2020-04-03,1,"VIC",8
2020-04-03,1,"WA",3
2020-04-04,1,"ACT",0
2020-04-04,1,"NSW",15
2020-04-04,1,"NT",0
2020-04-04,1,"QLD",5
2020-04-04,1,"SA",0
2020-04-04,1,"TAS",3
2020-04-04,1,"VIC",6
2020-04-04,1,"WA",1
2020-04-05,1,"ACT",1
2020-04-05,1,"NSW",19
2020-04-05,1,"NT",0
2020-04-05,1,"QLD",1
2020-04-05,1,"SA",0
2020-04-05,1,"TAS",8
2020-04-05,1,"VIC",8
2020-04-05,1,"WA",0
2020-04-06,1,"ACT",2
2020-04-06,1,"NSW",15
2020-04-06,1,"NT",0
2020-04-06,1,"QLD",1
2020-04-06,1,"SA",0
2020-04-06,1,"TAS",8
2020-04-06,1,"VIC",7
2020-04-06,1,"WA",1
2020-04-07,1,"ACT",0
2020-04-07,1,"NSW",10
2020-04-07,1,"NT",0
2020-04-07,1,"QLD",0
2020-04-07,1,"SA",0
2020-04-07,1,"TAS",15
2020-04-07,1,"VIC",4
2020-04-07,1,"WA",0
2020-04-08,1,"ACT",1
2020-04-08,1,"NSW",7
2020-04-08,1,"NT",0
2020-04-08,1,"QLD",1
2020-04-08,1,"SA",0
2020-04-08,1,"TAS",8
2020-04-08,1,"VIC",3
2020-04-08,1,"WA",1
2020-04-09,1,"ACT",0
2020-04-09,1,"NSW",14
2020-04-09,1,"NT",0
2020-04-09,1,"QLD",4
2020-04-09,1,"SA",0
2020-04-09,1,"TAS",13
2020-04-09,1,"VIC",2
2020-04-09,1,"WA",0
2020-04-10,1,"ACT",0
2020-04-10,1,"NSW",5
2020-04-10,1,"NT",0
2020-04-10,1,"QLD",1
2020-04-10,1,"SA",2
2020-04-10,1,"TAS",15
2020-04-10,1,"VIC",0
2020-04-10,1,"WA",0
2020-04-11,1,"ACT",1
2020-04-11,1,"NSW",11
2020-04-11,1,"NT",0
2020-04-11,1,"QLD",2
2020-04-11,1,"SA",1
2020-04-11,1,"TAS",7
2020-04-11,1,"VIC",4
2020-04-11,1,"WA",0
2020-04-12,1,"ACT",0
2020-04-12,1,"NSW",6
2020-04-12,1,"NT",0
2020-04-12,1,"QLD",0
2020-04-12,1,"SA",0
2020-04-12,1,"TAS",7
2020-04-12,1,"VIC",2
2020-04-12,1,"WA",1
2020-04-13,1,"ACT",0
2020-04-13,1,"NSW",10
2020-04-13,1,"NT",0
2020-04-13,1,"QLD",0
2020-04-13,1,"SA",0
2020-04-13,1,"TAS",3
2020-04-13,1,"VIC",3
2020-04-13,1,"WA",2
2020-04-14,1,"ACT",0
2020-04-14,1,"NSW",9
2020-04-14,1,"NT",0
2020-04-14,1,"QLD",1
2020-04-14,1,"SA",0
2020-04-14,1,"TAS",6
2020-04-14,1,"VIC",2
2020-04-14,1,"WA",0
2020-04-15,1,"ACT",0
2020-04-15,1,"NSW",5
2020-04-15,1,"NT",0
2020-04-15,1,"QLD",2
2020-04-15,1,"SA",0
2020-04-15,1,"TAS",9
2020-04-15,1,"VIC",1
2020-04-15,1,"WA",0
2020-04-16,1,"ACT",0
2020-04-16,1,"NSW",3
2020-04-16,1,"NT",0
2020-04-16,1,"QLD",0
2020-04-16,1,"SA",0
2020-04-16,1,"TAS",5
2020-04-16,1,"VIC",1
2020-04-16,1,"WA",2
2020-04-17,1,"ACT",0
2020-04-17,1,"NSW",14
2020-04-17,1,"NT",0
2020-04-17,1,"QLD",1
2020-04-17,1,"SA",0
2020-04-17,1,"TAS",2
2020-04-17,1,"VIC",7
2020-04-17,1,"WA",0
2020-04-18,1,"ACT",0
2020-04-18,1,"NSW",2
2020-04-18,1,"NT",0
2020-04-18,1,"QLD",0
2020-04-18,1,"SA",1
2020-04-18,1,"TAS",3
2020-04-18,1,"VIC",3
2020-04-18,1,"WA",0
2020-04-19,1,"ACT",0
2020-04-19,1,"NSW",2
2020-04-19,1,"NT",0
2020-04-19,1,"QLD",0
2020-04-19,1,"SA",0
2020-04-19,1,"TAS",2
2020-04-19,1,"VIC",0
2020-04-19,1,"WA",0
2020-04-20,1,"ACT",0
2020-04-20,1,"NSW",5
2020-04-20,1,"NT",0
2020-04-20,1,"QLD",1
2020-04-20,1,"SA",0
2020-04-20,1,"TAS",4
2020-04-20,1,"VIC",2
2020-04-20,1,"WA",0
2020-04-21,1,"ACT",0
2020-04-21,1,"NSW",2
2020-04-21,1,"NT",0
2020-04-21,1,"QLD",0
2020-04-21,1,"SA",0
2020-04-21,1,"TAS",0
2020-04-21,1,"VIC",1
2020-04-21,1,"WA",0
2020-04-22,1,"ACT",0
2020-04-22,1,"NSW",6
2020-04-22,1,"NT",0
2020-04-22,1,"QLD",0
2020-04-22,1,"SA",0
2020-04-22,1,"TAS",1
2020-04-22,1,"VIC",3
2020-04-22,1,"WA",0
2020-04-23,1,"ACT",0
2020-04-23,1,"NSW",5
2020-04-23,1,"NT",0
2020-04-23,1,"QLD",0
2020-04-23,1,"SA",0
2020-04-23,1,"TAS",3
2020-04-23,1,"VIC",10
2020-04-23,1,"WA",0
2020-04-24,1,"ACT",0
2020-04-24,1,"NSW",2
2020-04-24,1,"NT",0
2020-04-24,1,"QLD",0
2020-04-24,1,"SA",0
2020-04-24,1,"TAS",3
2020-04-24,1,"VIC",8
2020-04-24,1,"WA",1
2020-04-25,1,"ACT",0
2020-04-25,1,"NSW",5
2020-04-25,1,"NT",0
2020-04-25,1,"QLD",0
2020-04-25,1,"SA",0
2020-04-25,1,"TAS",0
2020-04-25,1,"VIC",5
2020-04-25,1,"WA",0
2020-04-26,1,"ACT",0
2020-04-26,1,"NSW",2
2020-04-26,1,"NT",0
2020-04-26,1,"QLD",0
2020-04-26,1,"SA",0
2020-04-26,1,"TAS",0
2020-04-26,1,"VIC",3
2020-04-26,1,"WA",0
2020-04-27,1,"ACT",0
2020-04-27,1,"NSW",1
2020-04-27,1,"NT",0
2020-04-27,1,"QLD",0
2020-04-27,1,"SA",0
2020-04-27,1,"TAS",0
2020-04-27,1,"VIC",11
2020-04-27,1,"WA",0
2020-04-28,1,"ACT",0
2020-04-28,1,"NSW",2
2020-04-28,1,"NT",0
2020-04-28,1,"QLD",0
2020-04-28,1,"SA",0
2020-04-28,1,"TAS",0
2020-04-28,1,"VIC",6
2020-04-28,1,"WA",0
2020-04-29,1,"ACT",0
2020-04-29,1,"NSW",4
2020-04-29,1,"NT",0
2020-04-29,1,"QLD",1
2020-04-29,1,"SA",0
2020-04-29,1,"TAS",0
2020-04-29,1,"VIC",8
2020-04-29,1,"WA",0
2020-04-30,1,"ACT",0
2020-04-30,1,"NSW",4
2020-04-30,1,"NT",0
2020-04-30,1,"QLD",0
2020-04-30,1,"SA",0
2020-04-30,1,"TAS",0
2020-04-30,1,"VIC",10
2020-04-30,1,"WA",0
2020-05-01,1,"ACT",0
2020-05-01,1,"NSW",5
2020-05-01,1,"NT",0
2020-05-01,1,"QLD",0
2020-05-01,1,"SA",0
2020-05-01,1,"TAS",0
2020-05-01,1,"VIC",15
2020-05-01,1,"WA",0
2020-05-02,1,"ACT",0
2020-05-02,1,"NSW",2
2020-05-02,1,"NT",0
2020-05-02,1,"QLD",1
2020-05-02,1,"SA",0
2020-05-02,1,"TAS",0
2020-05-02,1,"VIC",14
2020-05-02,1,"WA",0
2020-05-03,1,"ACT",0
2020-05-03,1,"NSW",0
2020-05-03,1,"NT",0
2020-05-03,1,"QLD",0
2020-05-03,1,"SA",0
2020-05-03,1,"TAS",0
2020-05-03,1,"VIC",8
2020-05-03,1,"WA",0
2020-05-04,1,"ACT",0
2020-05-04,1,"NSW",3
2020-05-04,1,"NT",0
2020-05-04,1,"QLD",0
2020-05-04,1,"SA",0
2020-05-04,1,"TAS",0
2020-05-04,1,"VIC",10
2020-05-04,1,"WA",0
2020-05-05,1,"ACT",0
2020-05-05,1,"NSW",4
2020-05-05,1,"NT",0
2020-05-05,1,"QLD",0
2020-05-05,1,"SA",0
2020-05-05,1,"TAS",0
2020-05-05,1,"VIC",14
2020-05-05,1,"WA",0
2020-05-06,1,"ACT",0
2020-05-06,1,"NSW",0
2020-05-06,1,"NT",0
2020-05-06,1,"QLD",0
2020-05-06,1,"SA",0
2020-05-06,1,"TAS",0
2020-05-06,1,"VIC",18
2020-05-06,1,"WA",0
2020-05-07,1,"ACT",0
2020-05-07,1,"NSW",1
2020-05-07,1,"NT",0
2020-05-07,1,"QLD",0
2020-05-07,1,"SA",0
2020-05-07,1,"TAS",0
2020-05-07,1,"VIC",8
2020-05-07,1,"WA",0
2020-05-08,1,"ACT",0
2020-05-08,1,"NSW",1
2020-05-08,1,"NT",0
2020-05-08,1,"QLD",0
2020-05-08,1,"SA",0
2020-05-08,1,"TAS",0
2020-05-08,1,"VIC",5
2020-05-08,1,"WA",0
2020-05-09,1,"ACT",0
2020-05-09,1,"NSW",0
2020-05-09,1,"NT",0
2020-05-09,1,"QLD",0
2020-05-09,1,"SA",0
2020-05-09,1,"TAS",0
2020-05-09,1,"VIC",6
2020-05-09,1,"WA",0
2020-05-10,1,"ACT",0
2020-05-10,1,"NSW",0
2020-05-10,1,"NT",0
2020-05-10,1,"QLD",0
2020-05-10,1,"SA",0
2020-05-10,1,"TAS",0
2020-05-10,1,"VIC",3
2020-05-10,1,"WA",1
2020-05-11,1,"ACT",0
2020-05-11,1,"NSW",1
2020-05-11,1,"NT",0
2020-05-11,1,"QLD",0
2020-05-11,1,"SA",0
2020-05-11,1,"TAS",0
2020-05-11,1,"VIC",6
2020-05-11,1,"WA",0
2020-05-12,1,"ACT",0
2020-05-12,1,"NSW",1
2020-05-12,1,"NT",0
2020-05-12,1,"QLD",0
2020-05-12,1,"SA",0
2020-05-12,1,"TAS",0
2020-05-12,1,"VIC",5
2020-05-12,1,"WA",1
2020-05-13,1,"ACT",0
2020-05-13,1,"NSW",0
2020-05-13,1,"NT",0
2020-05-13,1,"QLD",0
2020-05-13,1,"SA",0
2020-05-13,1,"TAS",0
2020-05-13,1,"VIC",5
2020-05-13,1,"WA",0
2020-05-14,1,"ACT",0
2020-05-14,1,"NSW",0
2020-05-14,1,"NT",0
2020-05-14,1,"QLD",0
2020-05-14,1,"SA",0
2020-05-14,1,"TAS",0
2020-05-14,1,"VIC",4
2020-05-14,1,"WA",0
2020-05-15,1,"ACT",0
2020-05-15,1,"NSW",0
2020-05-15,1,"NT",0
2020-05-15,1,"QLD",0
2020-05-15,1,"SA",0
2020-05-15,1,"TAS",0
2020-05-15,1,"VIC",8
2020-05-15,1,"WA",0
2020-05-16,1,"ACT",0
2020-05-16,1,"NSW",0
2020-05-16,1,"NT",0
2020-05-16,1,"QLD",0
2020-05-16,1,"SA",0
2020-05-16,1,"TAS",0
2020-05-16,1,"VIC",4
2020-05-16,1,"WA",0
2020-05-17,1,"ACT",0
2020-05-17,1,"NSW",0
2020-05-17,1,"NT",0
2020-05-17,1,"QLD",0
2020-05-17,1,"SA",0
2020-05-17,1,"TAS",0
2020-05-17,1,"VIC",1
2020-05-17,1,"WA",0
2020-05-18,1,"ACT",0
2020-05-18,1,"NSW",0
2020-05-18,1,"NT",0
2020-05-18,1,"QLD",0
2020-05-18,1,"SA",0
2020-05-18,1,"TAS",0
2020-05-18,1,"VIC",5
2020-05-18,1,"WA",0
2020-05-19,1,"ACT",0
2020-05-19,1,"NSW",1
2020-05-19,1,"NT",0
2020-05-19,1,"QLD",0
2020-05-19,1,"SA",0
2020-05-19,1,"TAS",0
2020-05-19,1,"VIC",8
2020-05-19,1,"WA",0
2020-05-20,1,"ACT",0
2020-05-20,1,"NSW",0
2020-05-20,1,"NT",0
2020-05-20,1,"QLD",0
2020-05-20,1,"SA",0
2020-05-20,1,"TAS",0
2020-05-20,1,"VIC",3
2020-05-20,1,"WA",0
2020-05-21,1,"ACT",0
2020-05-21,1,"NSW",0
2020-05-21,1,"NT",0
2020-05-21,1,"QLD",0
2020-05-21,1,"SA",0
2020-05-21,1,"TAS",0
2020-05-21,1,"VIC",4
2020-05-21,1,"WA",0
2020-05-22,1,"ACT",0
2020-05-22,1,"NSW",0
2020-05-22,1,"NT",0
2020-05-22,1,"QLD",0
2020-05-22,1,"SA",0
2020-05-22,1,"TAS",0
2020-05-22,1,"VIC",3
2020-05-22,1,"WA",0
2020-05-23,1,"ACT",0
2020-05-23,1,"NSW",0
2020-05-23,1,"NT",0
2020-05-23,1,"QLD",0
2020-05-23,1,"SA",0
2020-05-23,1,"TAS",0
2020-05-23,1,"VIC",7
2020-05-23,1,"WA",0
2020-05-24,1,"ACT",0
2020-05-24,1,"NSW",0
2020-05-24,1,"NT",0
2020-05-24,1,"QLD",0
2020-05-24,1,"SA",0
2020-05-24,1,"TAS",0
2020-05-24,1,"VIC",4
2020-05-24,1,"WA",0
2020-05-25,1,"ACT",0
2020-05-25,1,"NSW",0
2020-05-25,1,"NT",0
2020-05-25,1,"QLD",0
2020-05-25,1,"SA",0
2020-05-25,1,"TAS",0
2020-05-25,1,"VIC",4
2020-05-25,1,"WA",0
2020-05-26,1,"ACT",0
2020-05-26,1,"NSW",0
2020-05-26,1,"NT",0
2020-05-26,1,"QLD",0
2020-05-26,1,"SA",0
2020-05-26,1,"TAS",0
2020-05-26,1,"VIC",3
2020-05-26,1,"WA",0
2020-05-27,1,"ACT",0
2020-05-27,1,"NSW",0
2020-05-27,1,"NT",0
2020-05-27,1,"QLD",0
2020-05-27,1,"SA",0
2020-05-27,1,"TAS",0
2020-05-27,1,"VIC",4
2020-05-27,1,"WA",0
2020-05-28,1,"ACT",0
2020-05-28,1,"NSW",0
2020-05-28,1,"NT",0
2020-05-28,1,"QLD",0
2020-05-28,1,"SA",0
2020-05-28,1,"TAS",0
2020-05-28,1,"VIC",6
2020-05-28,1,"WA",0
2020-05-29,1,"ACT",0
2020-05-29,1,"NSW",0
2020-05-29,1,"NT",0
2020-05-29,1,"QLD",0
2020-05-29,1,"SA",0
2020-05-29,1,"TAS",0
2020-05-29,1,"VIC",10
2020-05-29,1,"WA",0
2020-05-30,1,"ACT",0
2020-05-30,1,"NSW",0
2020-05-30,1,"NT",0
2020-05-30,1,"QLD",0
2020-05-30,1,"SA",0
2020-05-30,1,"TAS",0
2020-05-30,1,"VIC",10
2020-05-30,1,"WA",0
2020-05-31,1,"ACT",0
2020-05-31,1,"NSW",0
2020-05-31,1,"NT",0
2020-05-31,1,"QLD",0
2020-05-31,1,"SA",0
2020-05-31,1,"TAS",0
2020-05-31,1,"VIC",8
2020-05-31,1,"WA",0
2020-06-01,1,"ACT",0
2020-06-01,1,"NSW",0
2020-06-01,1,"NT",0
2020-06-01,1,"QLD",1
2020-06-01,1,"SA",0
2020-06-01,1,"TAS",0
2020-06-01,1,"VIC",3
2020-06-01,1,"WA",0
2020-06-02,1,"ACT",0
2020-06-02,1,"NSW",0
2020-06-02,1,"NT",0
2020-06-02,1,"QLD",0
2020-06-02,1,"SA",0
2020-06-02,1,"TAS",0
2020-06-02,1,"VIC",3
2020-06-02,1,"WA",0
2020-06-03,1,"ACT",0
2020-06-03,1,"NSW",1
2020-06-03,1,"NT",0
2020-06-03,1,"QLD",0
2020-06-03,1,"SA",0
2020-06-03,1,"TAS",0
2020-06-03,1,"VIC",6
2020-06-03,1,"WA",0
2020-06-04,1,"ACT",0
2020-06-04,1,"NSW",0
2020-06-04,1,"NT",0
2020-06-04,1,"QLD",0
2020-06-04,1,"SA",0
2020-06-04,1,"TAS",0
2020-06-04,1,"VIC",7
2020-06-04,1,"WA",0
2020-06-05,1,"ACT",0
2020-06-05,1,"NSW",0
2020-06-05,1,"NT",0
2020-06-05,1,"QLD",0
2020-06-05,1,"SA",0
2020-06-05,1,"TAS",0
2020-06-05,1,"VIC",6
2020-06-05,1,"WA",0
2020-06-06,1,"ACT",0
2020-06-06,1,"NSW",0
2020-06-06,1,"NT",0
2020-06-06,1,"QLD",0
2020-06-06,1,"SA",0
2020-06-06,1,"TAS",0
2020-06-06,1,"VIC",8
2020-06-06,1,"WA",0
2020-06-07,1,"ACT",0
2020-06-07,1,"NSW",0
2020-06-07,1,"NT",0
2020-06-07,1,"QLD",0
2020-06-07,1,"SA",0
2020-06-07,1,"TAS",0
2020-06-07,1,"VIC",8
2020-06-07,1,"WA",0
2020-06-08,1,"ACT",0
2020-06-08,1,"NSW",1
2020-06-08,1,"NT",0
2020-06-08,1,"QLD",1
2020-06-08,1,"SA",0
2020-06-08,1,"TAS",0
2020-06-08,1,"VIC",3
2020-06-08,1,"WA",0
2020-06-09,1,"ACT",0
2020-06-09,1,"NSW",1
2020-06-09,1,"NT",0
2020-06-09,1,"QLD",0
2020-06-09,1,"SA",0
2020-06-09,1,"TAS",0
2020-06-09,1,"VIC",5
2020-06-09,1,"WA",0
2020-06-10,1,"ACT",0
2020-06-10,1,"NSW",0
2020-06-10,1,"NT",0
2020-06-10,1,"QLD",0
2020-06-10,1,"SA",0
2020-06-10,1,"TAS",0
2020-06-10,1,"VIC",8
2020-06-10,1,"WA",0
2020-06-11,1,"ACT",0
2020-06-11,1,"NSW",0
2020-06-11,1,"NT",0
2020-06-11,1,"QLD",0
2020-06-11,1,"SA",0
2020-06-11,1,"TAS",0
2020-06-11,1,"VIC",12
2020-06-11,1,"WA",0
2020-06-12,1,"ACT",0
2020-06-12,1,"NSW",0
2020-06-12,1,"NT",0
2020-06-12,1,"QLD",0
2020-06-12,1,"SA",0
2020-06-12,1,"TAS",0
2020-06-12,1,"VIC",12
2020-06-12,1,"WA",0
2020-06-13,1,"ACT",0
2020-06-13,1,"NSW",0
2020-06-13,1,"NT",0
2020-06-13,1,"QLD",0
2020-06-13,1,"SA",0
2020-06-13,1,"TAS",0
2020-06-13,1,"VIC",13
2020-06-13,1,"WA",0
2020-06-14,1,"ACT",0
2020-06-14,1,"NSW",0
2020-06-14,1,"NT",0
2020-06-14,1,"QLD",0
2020-06-14,1,"SA",0
2020-06-14,1,"TAS",0
2020-06-14,1,"VIC",20
2020-06-14,1,"WA",0
2020-06-15,1,"ACT",0
2020-06-15,1,"NSW",0
2020-06-15,1,"NT",0
2020-06-15,1,"QLD",0
2020-06-15,1,"SA",0
2020-06-15,1,"TAS",0
2020-06-15,1,"VIC",19
2020-06-15,1,"WA",0
2020-06-16,1,"ACT",0
2020-06-16,1,"NSW",0
2020-06-16,1,"NT",0
2020-06-16,1,"QLD",0
2020-06-16,1,"SA",0
2020-06-16,1,"TAS",0
2020-06-16,1,"VIC",22
2020-06-16,1,"WA",0
2020-06-17,1,"ACT",0
2020-06-17,1,"NSW",0
2020-06-17,1,"NT",0
2020-06-17,1,"QLD",0
2020-06-17,1,"SA",0
2020-06-17,1,"TAS",0
2020-06-17,1,"VIC",29
2020-06-17,1,"WA",0
2020-06-18,1,"ACT",0
2020-06-18,1,"NSW",0
2020-06-18,1,"NT",0
2020-06-18,1,"QLD",0
2020-06-18,1,"SA",0
2020-06-18,1,"TAS",0
2020-06-18,1,"VIC",28
2020-06-18,1,"WA",0
2020-06-19,0.999999946526835,"ACT",0
2020-06-19,0.999999946526835,"NSW",1
2020-06-19,0.999999946526835,"NT",0
2020-06-19,0.999999946526835,"QLD",0
2020-06-19,0.999999946526835,"SA",0
2020-06-19,0.999999946526835,"TAS",0
2020-06-19,0.999999946526835,"VIC",31
2020-06-19,0.999999946526835,"WA",0
2020-06-20,0.999999921949184,"ACT",0
2020-06-20,0.999999921949184,"NSW",1
2020-06-20,0.999999921949184,"NT",0
2020-06-20,0.999999921949184,"QLD",0
2020-06-20,0.999999921949184,"SA",0
2020-06-20,0.999999921949184,"TAS",0
2020-06-20,0.999999921949184,"VIC",41
2020-06-20,0.999999921949184,"WA",0
2020-06-21,0.999999886073461,"ACT",0
2020-06-21,0.999999886073461,"NSW",0
2020-06-21,0.999999886073461,"NT",0
2020-06-21,0.999999886073461,"QLD",0
2020-06-21,0.999999886073461,"SA",0
2020-06-21,0.999999886073461,"TAS",0
2020-06-21,0.999999886073461,"VIC",22
2020-06-21,0.999999886073461,"WA",0
2020-06-22,0.999999833706376,"ACT",0
2020-06-22,0.999999833706376,"NSW",0
2020-06-22,0.999999833706376,"NT",0
2020-06-22,0.999999833706376,"QLD",0
2020-06-22,0.999999833706376,"SA",0
2020-06-22,0.999999833706376,"TAS",0
2020-06-22,0.999999833706376,"VIC",50
2020-06-22,0.999999833706376,"WA",0
2020-06-23,0.999999757268137,"ACT",0
2020-06-23,0.999999757268137,"NSW",0
2020-06-23,0.999999757268137,"NT",0
2020-06-23,0.999999757268137,"QLD",1
2020-06-23,0.999999757268137,"SA",0
2020-06-23,0.999999757268137,"TAS",0
2020-06-23,0.999999757268137,"VIC",57
2020-06-23,0.999999757268137,"WA",0
2020-06-24,0.999999645696365,"ACT",0
2020-06-24,0.999999645696365,"NSW",1
2020-06-24,0.999999645696365,"NT",0
2020-06-24,0.999999645696365,"QLD",0
2020-06-24,0.999999645696365,"SA",0
2020-06-24,0.999999645696365,"TAS",0
2020-06-24,0.999999645696365,"VIC",51
2020-06-24,0.999999645696365,"WA",0
2020-06-25,0.999999482846987,"ACT",0
2020-06-25,0.999999482846987,"NSW",0
2020-06-25,0.999999482846987,"NT",0
2020-06-25,0.999999482846987,"QLD",0
2020-06-25,0.999999482846987,"SA",0
2020-06-25,0.999999482846987,"TAS",0
2020-06-25,0.999999482846987,"VIC",65
2020-06-25,0.999999482846987,"WA",0
2020-06-26,0.999999245161609,"ACT",0
2020-06-26,0.999999245161609,"NSW",0
2020-06-26,0.999999245161609,"NT",0
2020-06-26,0.999999245161609,"QLD",0
2020-06-26,0.999999245161609,"SA",0
2020-06-26,0.999999245161609,"TAS",0
2020-06-26,0.999999245161609,"VIC",70
2020-06-26,0.999999245161609,"WA",0
2020-06-27,0.999998898265296,"ACT",0
2020-06-27,0.999998898265296,"NSW",0
2020-06-27,0.999998898265296,"NT",0
2020-06-27,0.999998898265296,"QLD",0
2020-06-27,0.999998898265296,"SA",0
2020-06-27,0.999998898265296,"TAS",0
2020-06-27,0.999998898265296,"VIC",90
2020-06-27,0.999998898265296,"WA",0
2020-06-28,0.999998392005156,"ACT",0
2020-06-28,0.999998392005156,"NSW",0
2020-06-28,0.999998392005156,"NT",0
2020-06-28,0.999998392005156,"QLD",0
2020-06-28,0.999998392005156,"SA",0
2020-06-28,0.999998392005156,"TAS",0
2020-06-28,0.999998392005156,"VIC",88
2020-06-28,0.999998392005156,"WA",0
2020-06-29,0.999997653216352,"ACT",0
2020-06-29,0.999997653216352,"NSW",0
2020-06-29,0.999997653216352,"NT",1
2020-06-29,0.999997653216352,"QLD",0
2020-06-29,0.999997653216352,"SA",0
2020-06-29,0.999997653216352,"TAS",0
2020-06-29,0.999997653216352,"VIC",103
2020-06-29,0.999997653216352,"WA",0
2020-06-30,0.999996575176701,"ACT",0
2020-06-30,0.999996575176701,"NSW",2
2020-06-30,0.999996575176701,"NT",0
2020-06-30,0.999996575176701,"QLD",0
2020-06-30,0.999996575176701,"SA",0
2020-06-30,0.999996575176701,"TAS",0
2020-06-30,0.999996575176701,"VIC",118
2020-06-30,0.999996575176701,"WA",0
2020-07-01,0.999995002237345,"ACT",0
2020-07-01,0.999995002237345,"NSW",2
2020-07-01,0.999995002237345,"NT",0
2020-07-01,0.999995002237345,"QLD",0
2020-07-01,0.999995002237345,"SA",0
2020-07-01,0.999995002237345,"TAS",0
2020-07-01,0.999995002237345,"VIC",133
2020-07-01,0.999995002237345,"WA",0
2020-07-02,0.999992707428273,"ACT",0
2020-07-02,0.999992707428273,"NSW",1
2020-07-02,0.999992707428273,"NT",0
2020-07-02,0.999992707428273,"QLD",0
2020-07-02,0.999992707428273,"SA",0
2020-07-02,0.999992707428273,"TAS",0
2020-07-02,0.999992707428273,"VIC",126
2020-07-02,0.999992707428273,"WA",0
2020-07-03,0.999989359836423,"ACT",1
2020-07-03,0.999989359836423,"NSW",1
2020-07-03,0.999989359836423,"NT",0
2020-07-03,0.999989359836423,"QLD",0
2020-07-03,0.999989359836423,"SA",0
2020-07-03,0.999989359836423,"TAS",0
2020-07-03,0.999989359836423,"VIC",182
2020-07-03,0.999989359836423,"WA",0
2020-07-04,0.999984477099988,"ACT",1
2020-07-04,0.999984477099988,"NSW",1
2020-07-04,0.999984477099988,"NT",0
2020-07-04,0.999984477099988,"QLD",0
2020-07-04,0.999984477099988,"SA",0
2020-07-04,0.999984477099988,"TAS",0
2020-07-04,0.999984477099988,"VIC",182
2020-07-04,0.999984477099988,"WA",0
2020-07-05,0.999977356251612,"ACT",0
2020-07-05,0.999977356251612,"NSW",0
2020-07-05,0.999977356251612,"NT",0
2020-07-05,0.999977356251612,"QLD",0
2020-07-05,0.999977356251612,"SA",0
2020-07-05,0.999977356251612,"TAS",0
2020-07-05,0.999977356251612,"VIC",176
2020-07-05,0.999977356251612,"WA",0
2020-07-06,0.99996697308104,"ACT",0
2020-07-06,0.99996697308104,"NSW",3
2020-07-06,0.99996697308104,"NT",0
2020-07-06,0.99996697308104,"QLD",0
2020-07-06,0.99996697308104,"SA",0
2020-07-06,0.99996697308104,"TAS",0
2020-07-06,0.99996697308104,"VIC",247
2020-07-06,0.99996697308104,"WA",0
2020-07-07,0.999951835749446,"ACT",3
2020-07-07,0.999951835749446,"NSW",4
2020-07-07,0.999951835749446,"NT",0
2020-07-07,0.999951835749446,"QLD",0
2020-07-07,0.999951835749446,"SA",0
2020-07-07,0.999951835749446,"TAS",0
2020-07-07,0.999951835749446,"VIC",260
2020-07-07,0.999951835749446,"WA",0
2020-07-08,0.999929771960697,"ACT",0
2020-07-08,0.999929771960697,"NSW",4
2020-07-08,0.999929771960697,"NT",0
2020-07-08,0.999929771960697,"QLD",0
2020-07-08,0.999929771960697,"SA",0
2020-07-08,0.999929771960697,"TAS",0
2020-07-08,0.999929771960697,"VIC",260
2020-07-08,0.999929771960697,"WA",0
2020-07-09,0.999897619698366,"ACT",0
2020-07-09,0.999897619698366,"NSW",4
2020-07-09,0.999897619698366,"NT",0
2020-07-09,0.999897619698366,"QLD",0
2020-07-09,0.999897619698366,"SA",0
2020-07-09,0.999897619698366,"TAS",0
2020-07-09,0.999897619698366,"VIC",298
2020-07-09,0.999897619698366,"WA",0
2020-07-10,0.999850778106787,"ACT",0
2020-07-10,0.999850778106787,"NSW",9
2020-07-10,0.999850778106787,"NT",0
2020-07-10,0.999850778106787,"QLD",0
2020-07-10,0.999850778106787,"SA",0
2020-07-10,0.999850778106787,"TAS",0
2020-07-10,0.999850778106787,"VIC",281
2020-07-10,0.999850778106787,"WA",1
2020-07-11,0.999782555719727,"ACT",0
2020-07-11,0.999782555719727,"NSW",6
2020-07-11,0.999782555719727,"NT",0
2020-07-11,0.999782555719727,"QLD",0
2020-07-11,0.999782555719727,"SA",0
2020-07-11,0.999782555719727,"TAS",0
2020-07-11,0.999782555719727,"VIC",282
2020-07-11,0.999782555719727,"WA",0
2020-07-12,0.999683225337675,"ACT",0
2020-07-12,0.999683225337675,"NSW",10
2020-07-12,0.999683225337675,"NT",0
2020-07-12,0.999683225337675,"QLD",0
2020-07-12,0.999683225337675,"SA",0
2020-07-12,0.999683225337675,"TAS",0
2020-07-12,0.999683225337675,"VIC",272
2020-07-12,0.999683225337675,"WA",1
2020-07-13,0.999538654750826,"ACT",0
2020-07-13,0.999538654750826,"NSW",7
2020-07-13,0.999538654750826,"NT",0
2020-07-13,0.999538654750826,"QLD",0
2020-07-13,0.999538654750826,"SA",0
2020-07-13,0.999538654750826,"TAS",0
2020-07-13,0.999538654750826,"VIC",358
2020-07-13,0.999538654750826,"WA",0
2020-07-14,0.999328325001059,"ACT",0
2020-07-14,0.999328325001059,"NSW",8
2020-07-14,0.999328325001059,"NT",0
2020-07-14,0.999328325001059,"QLD",0
2020-07-14,0.999328325001059,"SA",0
2020-07-14,0.999328325001059,"TAS",0
2020-07-14,0.999328325001059,"VIC",356
2020-07-14,0.999328325001059,"WA",0
2020-07-15,0.999022465658951,"ACT",0
2020-07-15,0.999022465658951,"NSW",12
2020-07-15,0.999022465658951,"NT",0
2020-07-15,0.999022465658951,"QLD",0
2020-07-15,0.999022465658951,"SA",0
2020-07-15,0.999022465658951,"TAS",0
2020-07-15,0.999022465658951,"VIC",323
2020-07-15,0.999022465658951,"WA",0
2020-07-16,0.998577919450197,"ACT",0
2020-07-16,0.998577919450197,"NSW",9
2020-07-16,0.998577919450197,"NT",0
2020-07-16,0.998577919450197,"QLD",0
2020-07-16,0.998577919450197,"SA",0
2020-07-16,0.998577919450197,"TAS",0
2020-07-16,0.998577919450197,"VIC",372
2020-07-16,0.998577919450197,"WA",0
2020-07-17,0.997932182386259,"ACT",0
2020-07-17,0.997932182386259,"NSW",11
2020-07-17,0.997932182386259,"NT",0
2020-07-17,0.997932182386259,"QLD",0
2020-07-17,0.997932182386259,"SA",0
2020-07-17,0.997932182386259,"TAS",0
2020-07-17,0.997932182386259,"VIC",372
2020-07-17,0.997932182386259,"WA",0
2020-07-18,0.996994831095168,"ACT",0
2020-07-18,0.996994831095168,"NSW",13
2020-07-18,0.996994831095168,"NT",0
2020-07-18,0.996994831095168,"QLD",0
2020-07-18,0.996994831095168,"SA",0
2020-07-18,0.996994831095168,"TAS",0
2020-07-18,0.996994831095168,"VIC",379
2020-07-18,0.996994831095168,"WA",0
2020-07-19,0.995635220586032,"ACT",0
2020-07-19,0.995635220586032,"NSW",13
2020-07-19,0.995635220586032,"NT",0
2020-07-19,0.995635220586032,"QLD",0
2020-07-19,0.995635220586032,"SA",0
2020-07-19,0.995635220586032,"TAS",0
2020-07-19,0.995635220586032,"VIC",355
2020-07-19,0.995635220586032,"WA",0
2020-07-20,0.993664879820252,"ACT",0
2020-07-20,0.993664879820252,"NSW",13
2020-07-20,0.993664879820252,"NT",0
2020-07-20,0.993664879820252,"QLD",0
2020-07-20,0.993664879820252,"SA",0
2020-07-20,0.993664879820252,"TAS",1
2020-07-20,0.993664879820252,"VIC",425
2020-07-20,0.993664879820252,"WA",0
2020-07-21,0.990812407879789,"ACT",0
2020-07-21,0.990812407879789,"NSW",11
2020-07-21,0.990812407879789,"NT",0
2020-07-21,0.990812407879789,"QLD",1
2020-07-21,0.990812407879789,"SA",0
2020-07-21,0.990812407879789,"TAS",0
2020-07-21,0.990812407879789,"VIC",356
2020-07-21,0.990812407879789,"WA",0
2020-07-22,0.986687833399924,"ACT",0
2020-07-22,0.986687833399924,"NSW",16
2020-07-22,0.986687833399924,"NT",0
2020-07-22,0.986687833399924,"QLD",0
2020-07-22,0.986687833399924,"SA",2
2020-07-22,0.986687833399924,"TAS",0
2020-07-22,0.986687833399924,"VIC",381
2020-07-22,0.986687833399924,"WA",0
2020-07-23,0.980732301055357,"ACT",0
2020-07-23,0.980732301055357,"NSW",9
2020-07-23,0.980732301055357,"NT",0
2020-07-23,0.980732301055357,"QLD",1
2020-07-23,0.980732301055357,"SA",0
2020-07-23,0.980732301055357,"TAS",0
2020-07-23,0.980732301055357,"VIC",402
2020-07-23,0.980732301055357,"WA",0
2020-07-24,0.972147576221706,"ACT",0
2020-07-24,0.972147576221706,"NSW",12
2020-07-24,0.972147576221706,"NT",0
2020-07-24,0.972147576221706,"QLD",0
2020-07-24,0.972147576221706,"SA",0
2020-07-24,0.972147576221706,"TAS",0
2020-07-24,0.972147576221706,"VIC",410
2020-07-24,0.972147576221706,"WA",0
2020-07-25,0.959798285580193,"ACT",0
2020-07-25,0.959798285580193,"NSW",12
2020-07-25,0.959798285580193,"NT",0
2020-07-25,0.959798285580193,"QLD",0
2020-07-25,0.959798285580193,"SA",0
2020-07-25,0.959798285580193,"TAS",0
2020-07-25,0.959798285580193,"VIC",362
2020-07-25,0.959798285580193,"WA",0
2020-07-26,0.942078330366856,"ACT",0
2020-07-26,0.942078330366856,"NSW",12
2020-07-26,0.942078330366856,"NT",0
2020-07-26,0.942078330366856,"QLD",0
2020-07-26,0.942078330366856,"SA",0
2020-07-26,0.942078330366856,"TAS",0
2020-07-26,0.942078330366856,"VIC",326
2020-07-26,0.942078330366856,"WA",0
2020-07-27,0.916732461699527,"ACT",0
2020-07-27,0.916732461699527,"NSW",13
2020-07-27,0.916732461699527,"NT",0
2020-07-27,0.916732461699527,"QLD",0
2020-07-27,0.916732461699527,"SA",0
2020-07-27,0.916732461699527,"TAS",0
2020-07-27,0.916732461699527,"VIC",311
2020-07-27,0.916732461699527,"WA",0
2020-07-28,0.880626603525058,"ACT",0
2020-07-28,0.880626603525058,"NSW",15
2020-07-28,0.880626603525058,"NT",0
2020-07-28,0.880626603525058,"QLD",0
2020-07-28,0.880626603525058,"SA",0
2020-07-28,0.880626603525058,"TAS",0
2020-07-28,0.880626603525058,"VIC",276
2020-07-28,0.880626603525058,"WA",0
2020-07-29,0.82947238919417,"ACT",0
2020-07-29,0.82947238919417,"NSW",13
2020-07-29,0.82947238919417,"NT",0
2020-07-29,0.82947238919417,"QLD",4
2020-07-29,0.82947238919417,"SA",0
2020-07-29,0.82947238919417,"TAS",0
2020-07-29,0.82947238919417,"VIC",241
2020-07-29,0.82947238919417,"WA",0
2020-07-30,0.757547402737782,"ACT",0
2020-07-30,0.757547402737782,"NSW",12
2020-07-30,0.757547402737782,"NT",0
2020-07-30,0.757547402737782,"QLD",1
2020-07-30,0.757547402737782,"SA",0
2020-07-30,0.757547402737782,"TAS",0
2020-07-30,0.757547402737782,"VIC",214
2020-07-30,0.757547402737782,"WA",0
2020-07-31,0.657558214272536,"ACT",0
2020-07-31,0.657558214272536,"NSW",4
2020-07-31,0.657558214272536,"NT",0
2020-07-31,0.657558214272536,"QLD",0
2020-07-31,0.657558214272536,"SA",0
2020-07-31,0.657558214272536,"TAS",0
2020-07-31,0.657558214272536,"VIC",132
2020-07-31,0.657558214272536,"WA",0
2020-08-01,0.521122341612996,"ACT",0
2020-08-01,0.521122341612996,"NSW",2
2020-08-01,0.521122341612996,"NT",0
2020-08-01,0.521122341612996,"QLD",0
2020-08-01,0.521122341612996,"SA",0
2020-08-01,0.521122341612996,"TAS",0
2020-08-01,0.521122341612996,"VIC",47
2020-08-01,0.521122341612996,"WA",0
2020-08-02,0.341586092815781,"ACT",0
2020-08-02,0.341586092815781,"NSW",0
2020-08-02,0.341586092815781,"NT",0
2020-08-02,0.341586092815781,"QLD",0
2020-08-02,0.341586092815781,"SA",0
2020-08-02,0.341586092815781,"TAS",0
2020-08-02,0.341586092815781,"VIC",16
2020-08-02,0.341586092815781,"WA",0
2020-08-03,0.128082977727829,"ACT",0
2020-08-03,0.128082977727829,"NSW",0
2020-08-03,0.128082977727829,"NT",0
2020-08-03,0.128082977727829,"QLD",0
2020-08-03,0.128082977727829,"SA",0
2020-08-03,0.128082977727829,"TAS",0
2020-08-03,0.128082977727829,"VIC",1
2020-08-03,0.128082977727829,"WA",0
